BOUCHES DU RHONE,AIX EN PROVENCE,communication@mairie-aixenprovence.fr
BOUCHES DU RHONE,ALLAUCH,info@allauch.com
BOUCHES DU RHONE,ALLEINS,mairie.alleins@wanadoo.fr
BOUCHES DU RHONE,ARLES,lemaire@ville-arles.fr
BOUCHES DU RHONE,AUBAGNE,contact@mairie-aubagne.com
BOUCHES DU RHONE,AUREILLE,maire-mairie-aureille@wanadoo.fr
BOUCHES DU RHONE,AURIOL,mairie-auriol@wanadoo.fr
BOUCHES DU RHONE,AURONS,serrano.rm@wanadoo.fr
BOUCHES DU RHONE,BARBENTANE,contact.mairie@barbentane.fr
BOUCHES DU RHONE,BEAURECUEIL,beaurecueil-mairie@wanadoo.fr
BOUCHES DU RHONE,BELCODENE,mairie@belcodene.fr
BOUCHES DU RHONE,BERRE L ETANG,s.andreoni@berre-l-etang.fr
BOUCHES DU RHONE,BOUC BEL AIR,com@boucbelair.com
BOUCHES DU RHONE,BOULBON,mairiedeboulbon@wanadoo.fr
BOUCHES DU RHONE,CABANNES,mairiedecabannes@wanadoo.fr
BOUCHES DU RHONE,CABRIES,com.mairie@cabries.fr
BOUCHES DU RHONE,CADOLIVE,mairie-cadolive@orange.fr
BOUCHES DU RHONE,CARNOUX EN PROVENCE,m.beguelin@mairie-carnoux.fr
BOUCHES DU RHONE,CARRY LE ROUET,mairie@mairie-carrylerouet.fr
BOUCHES DU RHONE,CASSIS EN PROVENCE,admingen@cassis.fr
BOUCHES DU RHONE,CEYRESTE,mairie.de.ceyreste@wanadoo.fr
BOUCHES DU RHONE,CHARLEVAL,roselyne.fabulet@charleval.net
BOUCHES DU RHONE,CHATEAUNEUF LE ROUGE,m.dubouchet@chateauneuflerouge.fr.
BOUCHES DU RHONE,CHATEAUNEUF LES MARTIGUES,gilbert.bonillo@chateauneuf-les-martigues.fr
BOUCHES DU RHONE,CHATEAURENARD,maire@chateaurenard.com
BOUCHES DU RHONE,CORNILLON CONFOUX,mairiecornilloncx@yahoo.fr
BOUCHES DU RHONE,COUDOUX,com.coudoux@free.fr
BOUCHES DU RHONE,CUGES LES PINS,mairie@cuges-les-pins.fr
BOUCHES DU RHONE,EGUILLES,mairie.eguilles@wanadoo.fr
BOUCHES DU RHONE,ENSUES LA REDONNE,""
BOUCHES DU RHONE,EYGALIERES,info@mairieeygalieres.fr
BOUCHES DU RHONE,EYGUIERES,maire@mairie-eyguieres.fr
BOUCHES DU RHONE,EYRAGUES,eyragues.mairie@wanadoo.fr
BOUCHES DU RHONE,FONTVIEILLE,mairie@fontvieille.fr
BOUCHES DU RHONE,FOS SUR MER,courrier@mairie-fos-sur-mer.fr
BOUCHES DU RHONE,FUVEAU,administration@fuveau.fr
BOUCHES DU RHONE,GARDANNE,info@ville-gardanne.fr
BOUCHES DU RHONE,GEMENOS,info@mairie-gemenos.fr
BOUCHES DU RHONE,GIGNAC LA NERTHE,communication@mairie-gignaclanerthe.fr
BOUCHES DU RHONE,GRANS,accueil.grans@orange.fr
BOUCHES DU RHONE,GRAVESON,mairie-graveson@ville-graveson.fr
BOUCHES DU RHONE,GREASQUE,mairie-greasque@ville-greasque.fr
BOUCHES DU RHONE,ISTRES,dgs@istres.fr
BOUCHES DU RHONE,JOUQUES,dgs.mairie-jouques@wanadoo.fr
BOUCHES DU RHONE,LA BARBEN,mairie.la-barben@wanadoo.fr
BOUCHES DU RHONE,LA BOUILLADISSE,mairilab@wanadoo.fr
BOUCHES DU RHONE,LA CIOTAT,communication@mairie-laciotat.fr
BOUCHES DU RHONE,LA DESTROUSSE,dgs@mairieladestrousse.com
BOUCHES DU RHONE,LA FARE LES OLIVIERS,mairie.lafare@wanadoo.fr
BOUCHES DU RHONE,LAMANON,contact@mairie-lamanon.fr
BOUCHES DU RHONE,LAMBESC,secretariat.lambesc@wanadoo.fr
BOUCHES DU RHONE,LANCON DE PROVENCE,dgs@lancon-provence.fr
BOUCHES DU RHONE,LA PENNE SUR HUVEAUNE,communication@mairie-lapennesurhuveaune.fr
BOUCHES DU RHONE,LA ROQUE D ANTHERON,mairie@ville-laroquedantheron.fr
BOUCHES DU RHONE,LE PUY SAINTE REPARADE,contact@mairie-lepuysaintereparade.fr
BOUCHES DU RHONE,LE ROVE,cabinet-maire@mairie-le-rove.fr
BOUCHES DU RHONE,LES BAUX DE PROVENCE,accueil-mairie@lesbauxdeprovence.com
BOUCHES DU RHONE,LES PENNES MIRABEAU,dgs@vlpm.com
BOUCHES DU RHONE,LE THOLONET,mairie.letholonet@wanadoo.fr
BOUCHES DU RHONE,MAILLANE,mairiedemaillane@wanadoo.fr
BOUCHES DU RHONE,MALLEMORT,mairie.mallemort@wanadoo.fr
BOUCHES DU RHONE,MARIGNANE,contact@ville-marignane.fr
BOUCHES DU RHONE,MARSEILLE,sgm-internet-direction@mairie-marseille.fr
BOUCHES DU RHONE,MARSEILLE SECTEUR 01,""
BOUCHES DU RHONE,MARSEILLE SECTEUR 02,""
BOUCHES DU RHONE,MARSEILLE SECTEUR 03,""
BOUCHES DU RHONE,MARSEILLE SECTEUR 04,""
BOUCHES DU RHONE,MARSEILLE SECTEUR 05,""
BOUCHES DU RHONE,MARSEILLE SECTEUR 06,dtian@mairie-marseille.fr
BOUCHES DU RHONE,MARSEILLE SECTEUR 07,webmaster@mairiedupremiersecteur.fr
BOUCHES DU RHONE,MARSEILLE SECTEUR 08,mairie-info15-16@mairie-marseille.fr
BOUCHES DU RHONE,MARTIGUES,le-maire@ville-martigues.fr
BOUCHES DU RHONE,MAS BLANC DES ALPILLES,mairie.mba@wanadoo.fr
BOUCHES DU RHONE,MAUSSANE LES ALPILLES,mairie-maussane-les-alpilles@wanadoo.fr
BOUCHES DU RHONE,MEYRARGUES,meyrarguesinfosmairie@wanadoo.fr
BOUCHES DU RHONE,MEYREUIL,info@ville-meyreuil.fr
BOUCHES DU RHONE,MIMET,mimet.mairie@wanadoo.fr
BOUCHES DU RHONE,MIRAMAS,le.maire@mairie-miramas.fr
BOUCHES DU RHONE,MOLLEGES,mairie-molleges@wanadoo.fr
BOUCHES DU RHONE,MOURIES,dgs@mairie-mouries.fr
BOUCHES DU RHONE,NOVES,mairie.de.noves@wanadoo.fr
BOUCHES DU RHONE,ORGON,mairie@orgon.fr
BOUCHES DU RHONE,PARADOU,mairie.paradou@wanadoo.fr
BOUCHES DU RHONE,PELISSANNE,mairie.pelissanne@wanadoo.fr
BOUCHES DU RHONE,PEYNIER,peynier.infos@ville-peynier.fr
BOUCHES DU RHONE,PEYPIN,mairie.peypin@orange.fr
BOUCHES DU RHONE,PEYROLLES EN PROVENCE,contact@mairie-peyrollesenprovence.fr
BOUCHES DU RHONE,PLAN DE CUQUES,mairie@plandecuques.fr
BOUCHES DU RHONE,PLAN D ORGON,mairie.de.plan.d-orgon@wanadoo.fr
BOUCHES DU RHONE,PORT DE BOUC,contact@portdebouc.fr
BOUCHES DU RHONE,PORT SAINT LOUIS DU RHONE,cabinetdumaire@portsaintlouis.fr
BOUCHES DU RHONE,PUYLOUBIER,mairie-de-puyloubier@wanadoo.fr
BOUCHES DU RHONE,ROGNAC,communication@mairie-rognac.fr
BOUCHES DU RHONE,ROGNES,info@ville-rognes.fr
BOUCHES DU RHONE,ROGNONAS,rognonas.accueil@wanadoo.fr
BOUCHES DU RHONE,ROQUEFORT LA BEDOULE,accueil@roquefort-labedoule.fr
BOUCHES DU RHONE,ROQUEVAIRE,contact@ville-roquevaire.fr
BOUCHES DU RHONE,ROUSSET,mairie@rousset-fr.com
BOUCHES DU RHONE,SAINT ANDIOL,mairie@st-andiol.fr
BOUCHES DU RHONE,SAINT ANTONIN SUR BAYON,mairiestantonin@wanadoo.fr
BOUCHES DU RHONE,SAINT CANNAT,webmestre@ville-saint-cannat.fr
BOUCHES DU RHONE,SAINT CHAMAS,contact@saint-chamas.com
BOUCHES DU RHONE,SAINTES MARIES DE LA MER,info@saintesmaries.com
BOUCHES DU RHONE,SAINT ESTEVE JANSON,saint-esteve-janson@wanadoo.fr
BOUCHES DU RHONE,SAINT ETIENNE DU GRES,""
BOUCHES DU RHONE,SAINT MARC JAUMEGARDE,mairie@saint-marc-jaumegarde.fr
BOUCHES DU RHONE,SAINT MARTIN DE CRAU,mairie-smc@ville-saint-martin-de-crau.fr
BOUCHES DU RHONE,SAINT MITRE LES REMPARTS,smi@saintmitrelesremparts.fr
BOUCHES DU RHONE,SAINT PAUL LES DURANCE,mairie@stpaul.fr
BOUCHES DU RHONE,SAINT PIERRE DE MEZOARGUE,mairie.spm@wanadoo.fr
BOUCHES DU RHONE,SAINT REMY DE PROVENCE,contact@mairie-saintremydeprovence.fr
BOUCHES DU RHONE,SAINT SAVOURNIN,mairie.stsavournin@wanadoo.fr
BOUCHES DU RHONE,SAINT VICTORET,contact@ville-saint-victoret.fr
BOUCHES DU RHONE,SALON DE PROVENCE,salon.etatcivil@salon-de-provence.org
BOUCHES DU RHONE,SAUSSET LES PINS,mairie-slp@ville-sausset-les-pins.fr
BOUCHES DU RHONE,SENAS,secretariat-maire@ville-de-senas.fr
BOUCHES DU RHONE,SEPTEMES LES VALLONS,secretariat@ville-septemes.fr
BOUCHES DU RHONE,SIMIANE COLLONGUE,accueil.mairie@simiane-collongue.fr
BOUCHES DU RHONE,TARASCON,courrier@mairie-tarascon13.fr
BOUCHES DU RHONE,TRETS,accueil@ville-de-trets.fr
BOUCHES DU RHONE,VAUVENARGUES,mairie-vauvenargues@wanadoo.fr
BOUCHES DU RHONE,VELAUX,scecom@mairie-de-velaux.fr
BOUCHES DU RHONE,VENELLES,communication@Venelles.fr
BOUCHES DU RHONE,VENTABREN,moyensgeneraux@ventabren.fr
BOUCHES DU RHONE,VERNEGUES,mairie.vernegues@wanadoo.fr
BOUCHES DU RHONE,VERQUIERES,mairie-de-verquieres@wanadoo.fr
BOUCHES DU RHONE,VITROLLES,communication@ville-vitrolles13.fr
MORBIHAN,ALLAIRE,allaire.mairie@wanadoo.fr
MORBIHAN,AMBON,mairie-ambon@wanadoo.fr
MORBIHAN,ARRADON,mairie.maire@arradon.com
MORBIHAN,ARZAL,mairie-arzal@wanadoo.fr
MORBIHAN,ARZON,mairie@arzon.fr
MORBIHAN,AUGAN,mairie.augan@wanadoo.fr
MORBIHAN,AURAY,courrier.mairie@ville-auray.fr
MORBIHAN,BADEN,mairie@baden.fr
MORBIHAN,BANGOR,mairie.bangor@wanadoo.fr
MORBIHAN,BAUD,""
MORBIHAN,BEGANNE,mairie.beganne@wanadoo.fr
MORBIHAN,BEIGNON,mairie.beignon@wanadoo.fr
MORBIHAN,BELZ,contact@ria-etel.com
MORBIHAN,BERNE,mairie.berne@wanadoo.fr
MORBIHAN,BERRIC,mairie.berric@wanadoo.fr
MORBIHAN,BIEUZY,bieuzy2@wanadoo.fr
MORBIHAN,BIGNAN,mairie-de-bignan@wanadoo.fr
MORBIHAN,BILLIERS,mairiedebilliers@wanadoo.fr
MORBIHAN,BILLIO,mairie.billio@wanadoo.fr
MORBIHAN,BOHAL,mairie.bohal@wanadoo.fr
MORBIHAN,BRANDERION,mairie-de-branderion@wanadoo.fr
MORBIHAN,BRANDIVY,mairie-de-brandivy@wanadoo.fr
MORBIHAN,BRECH,accueil@brech.fr
MORBIHAN,BREHAN,brehan.mairie@wanadoo.fr
MORBIHAN,BRIGNAC,mairie.brignac@wanadoo.fr
MORBIHAN,BUBRY,mairie.bubry@wanadoo.fr
MORBIHAN,BULEON,mairie.buleon@wanadoo.fr
MORBIHAN,CADEN,mairie.caden@wanadoo.fr
MORBIHAN,CALAN,mairiecalan@wanadoo.fr
MORBIHAN,CAMOEL,mairie.camoel@wanadoo.fr
MORBIHAN,CAMORS,commune.de.camors@wanadoo.fr
MORBIHAN,CAMPENEAC,mairiecampeneac@wanadoo.fr
MORBIHAN,CARENTOIR,mairie.carentoir@wanadoo.fr
MORBIHAN,CARNAC,communication@carnac.fr
MORBIHAN,CARO,mairie.caro@wanadoo.fr
MORBIHAN,CAUDAN,mairie-caudan@wanadoo.fr
MORBIHAN,CLEGUER,commune-cleguer@wanadoo.fr
MORBIHAN,CLEGUEREC,mairie.cleguerec@wanadoo.fr
MORBIHAN,COLPO,mairie@colpo.fr
MORBIHAN,CONCORET,mairie-concoret@wanadoo.fr
MORBIHAN,COURNON,mairiedecournon@wanadoo.fr
MORBIHAN,CRACH,info@ville-crach.com
MORBIHAN,CREDIN,mairie.credin@wanadoo.fr
MORBIHAN,CROIXANVEC,mairie.croixanvec@orange.fr
MORBIHAN,CRUGUEL,mairie.cruguel@orange.fr
MORBIHAN,DAMGAN,mairie.damgan@wanadoo.fr
MORBIHAN,ELVEN,elven@mairie-elven.fr
MORBIHAN,ERDEVEN,mairieerdeven@wanadoo.fr
MORBIHAN,ETEL,mairie-etel@fr.oleane.com
MORBIHAN,EVRIGUET,mairie.evriguet@wanadoo.fr
MORBIHAN,FEREL,mairie-de-ferel@wanadoo.fr
MORBIHAN,GAVRES,mairie.gavres@orange.fr
MORBIHAN,GESTEL,mairie.gestel@wanadoo.fr
MORBIHAN,GLENAC,mairie.glenac@wanadoo.fr
MORBIHAN,GOURHEL,mairie-gourhel@wanadoo.fr
MORBIHAN,GOURIN,mairie@villedegourin.fr
MORBIHAN,GRAND CHAMP,mairie@grandchamp.fr
MORBIHAN,GROIX,sg@groix.fr
MORBIHAN,GUEGON,mairieguegon@wanadoo.fr
MORBIHAN,GUEHENNO,mairieguehenno@wanadoo.fr
MORBIHAN,GUELTAS,mairie-gueltas@wanadoo.fr
MORBIHAN,GUEMENE SUR SCORFF,mairieguemene.surscorff@wanadoo.fr
MORBIHAN,GUENIN,commune-de-guenin@wanadoo.fr
MORBIHAN,GUER,mairie-guer@fr.oleane.com
MORBIHAN,GUERN,guern@wanadoo.fr
MORBIHAN,GUIDEL,maire@mairie-guidel.fr
MORBIHAN,GUILLAC,mairieguillac@orange.fr
MORBIHAN,GUILLIERS,mairieguilliers2@orange.fr
MORBIHAN,GUISCRIFF,mairie.guiscriff@wanadoo.fr
MORBIHAN,HELLEAN,mairie.hellean@laposte.net
MORBIHAN,HENNEBONT,cabinetmaire@mairie-hennebont.fr
MORBIHAN,ILE AUX MOINES,mairie@ileauxmoines.fr
MORBIHAN,ILE D ARZ,secretariat@mairie-iledarz.fr
MORBIHAN,ILE D HOEDIC,mairie-dhoedic@wanadoo.fr
MORBIHAN,ILE D HOUAT,mairie-houat@wanadoo.fr
MORBIHAN,INGUINIEL,mairie.inguiniel@wanadoo.fr
MORBIHAN,INZINZAC LOCHRIST,mairie.inzinzac@wanadoo.fr
MORBIHAN,JOSSELIN,mairie@josselin.com
MORBIHAN,KERFOURN,mairie.kerfourn@orange.fr
MORBIHAN,KERGRIST,mairie-kergrist@wanadoo.fr
MORBIHAN,KERNASCLEDEN,mairie.kernascleden@wanadoo.fr
MORBIHAN,KERVIGNAC,mairie@kervignac.com
MORBIHAN,LA CHAPELLE CARO,mairie.la-chapelle-caro@wanadoo.fr
MORBIHAN,LA CHAPELLE GACELINE,mairie-la-chapelle-gaceline@wanadoo.fr
MORBIHAN,LA CHAPELLE NEUVE,mairie.la.chapelle.neuve@wanadoo.fr
MORBIHAN,LA CROIX HELLEAN,croixhellean.mairie@orange.fr
MORBIHAN,LA GACILLY,mairie.lagacilly@wanadoo.fr
MORBIHAN,LA GREE SAINT LAURENT,mairielagreestlaurent@wanadoo.fr
MORBIHAN,LANDAUL,cyber-landaul@wanadoo.fr
MORBIHAN,LANDEVANT,commune.landevant@wanadoo.fr
MORBIHAN,LANESTER,communication@ville-lanester.fr
MORBIHAN,LANGOELAN,langoelan.Mairie@wanadoo.fr
MORBIHAN,LANGONNET,mairie.langonnet@wanadoo.fr
MORBIHAN,LANGUIDIC,mairie@languidic.fr
MORBIHAN,LANOUEE,mairie.lanouee@wanadoo.fr
MORBIHAN,LANTILLAC,commune-de-lantillac@wanadoo.fr
MORBIHAN,LANVAUDAN,mairie.lanvaudan@wanadoo.fr
MORBIHAN,LANVENEGEN,mairie.lanvenegen@wanadoo.fr
MORBIHAN,LARMOR BADEN,mairie.larmorbaden@wanadoo.fr
MORBIHAN,LARMOR PLAGE,mairie@larmor-plage.com
MORBIHAN,LA ROCHE BERNARD,mairie-lrb@wanadoo.fr
MORBIHAN,LARRE,mairielarre@wanadoo.fr
MORBIHAN,LA TRINITE PORHOET,mairie.trinite.porh@wanadoo.fr
MORBIHAN,LA TRINITE SUR MER,accueil@latrinitesurmer.fr
MORBIHAN,LA TRINITE SURZUR,trinite-surzur@wanadoo.fr
MORBIHAN,LAUZACH,mairie.lauzach@wanadoo.fr
MORBIHAN,LA VRAIE CROIX,lavraie-croix.mairie@wanadoo.fr
MORBIHAN,LE BONO,accueil@lebono.fr
MORBIHAN,LE COURS,mairie.lecours@wanadoo.fr
MORBIHAN,LE CROISTY,mairie-le-croisty@wanadoo.fr
MORBIHAN,LE FAOUET,droual-marc@ville-le-faouet.fr
MORBIHAN,LE GUERNO,mairie.leguerno@wanadoo.fr
MORBIHAN,LE HEZO,mairie.hezo@wanadoo.fr
MORBIHAN,LE PALAIS,mairie.palais@wanadoo.fr
MORBIHAN,LE ROC SAINT ANDRE,mairie.roc@wanadoo.fr
MORBIHAN,LE SAINT,mairie.le.saint@wanadoo.fr
MORBIHAN,LES FORGES,mairiedesforges@wanadoo.fr
MORBIHAN,LES FOUGERETS,mairie.fougerets@wanadoo.fr
MORBIHAN,LE SOURN,mairie.lesourn@wanadoo.fr
MORBIHAN,LE TOUR DU PARC,mairie.letourduparc@wanadoo.fr
MORBIHAN,LIGNOL,mairie.lignol@wanadoo.fr
MORBIHAN,LIMERZEL,mairie.limerzel@wanadoo.fr
MORBIHAN,LIZIO,mairie-lizio@orange.fr
MORBIHAN,LOCMALO,mairie.locmalo@wanadoo.fr
MORBIHAN,LOCMARIA BELLE ILE,locmaria-belle-ile@wanadoo.fr
MORBIHAN,LOCMARIA GRAND CHAMP,mairie.locmaria.gd.ch@wanadoo.fr
MORBIHAN,LOCMARIAQUER,accueil@locmariaquer.fr
MORBIHAN,LOCMINE,locmine.ville@wanadoo.fr
MORBIHAN,LOCMIQUELIC,mairie-de-locmiquelic@megalis.org
MORBIHAN,LOCOAL MENDON,mairie.locoalmendon@wanadoo.fr
MORBIHAN,LOCQUELTAS,mairie.locqueltas@wanadoo.fr
MORBIHAN,LORIENT,contact@mairie-lorient.fr
MORBIHAN,LOYAT,loyat@wanadoo.fr
MORBIHAN,MALANSAC,mairie.malansac@wanadoo.fr
MORBIHAN,MALESTROIT,mairie@malestroit.fr
MORBIHAN,MALGUENAC,mairie.malguenac@wanadoo.fr
MORBIHAN,MARZAN,mairie-de-marzan@wanadoo.fr
MORBIHAN,MAURON,mairie-mauron@wanadoo.fr
MORBIHAN,MELRAND,commune-de-melrand@wanadoo.fr
MORBIHAN,MENEAC,mairie.meneac@wanadoo.fr
MORBIHAN,MERLEVENEZ,mairiemerlevenez@wanadoo.fr
MORBIHAN,MESLAN,mairie.meslan@wanadoo.fr
MORBIHAN,MEUCON,mairie.meucon@wanadoo.fr
MORBIHAN,MISSIRIAC,mairie.missiriac@wanadoo.fr
MORBIHAN,MOHON,mairie.mohon@wanadoo.fr
MORBIHAN,MOLAC,commune.molac@wanadoo.fr
MORBIHAN,MONTENEUF,mairiemonteneuf@wanadoo.fr
MORBIHAN,MONTERBLANC,mairie@mairie-monterblanc.fr
MORBIHAN,MONTERREIN,mairie.monterrein@orange.fr
MORBIHAN,MONTERTELOT,mairie.montertelot@ploermel.com
MORBIHAN,MOREAC,mairie.moreac@wanadoo.fr
MORBIHAN,MOUSTOIR AC,commune.de.moustoir@wanadoo.fr
MORBIHAN,MOUSTOIR REMUNGOL,mairiemrgol@wanadoo.fr
MORBIHAN,MUZILLAC,mairie.muzillac@wanadoo.fr
MORBIHAN,NAIZIN,mairie-de-naizin@wanadoo.fr
MORBIHAN,NEANT SUR YVEL,mairie-neant-sur-yvel@wanadoo.fr
MORBIHAN,NEULLIAC,mairie.neulliac.secretariat@wanadoo.fr
MORBIHAN,NIVILLAC,mairie-nivillac@wanadoo.fr
MORBIHAN,NOSTANG,mairie.nostang@wanadoo.fr
MORBIHAN,NOYAL MUZILLAC,mairienoyalmuzillac@wanadoo.fr
MORBIHAN,NOYALO,mairie.noyalo@wanadoo.fr
MORBIHAN,NOYAL PONTIVY,mairie@noyal-pontivy.fr
MORBIHAN,PEAULE,mairiepeaule@wanadoo.fr
MORBIHAN,PEILLAC,mairie.de.peillac@wanadoo.fr
MORBIHAN,PENESTIN,mairie.penestin@wanadoo.fr
MORBIHAN,PERSQUEN,mairie.persquen@wanadoo.fr
MORBIHAN,PLAUDREN,mairie.plaudren@wanadoo.fr
MORBIHAN,PLESCOP,accueil@mairie-plescop.fr
MORBIHAN,PLEUCADEUC,accueil@pleucadeuc.fr
MORBIHAN,PLEUGRIFFET,mairie.pleugriffet@wanadoo.fr
MORBIHAN,PLOEMEL,mairie.ploemel@wanadoo.fr
MORBIHAN,PLOEMEUR,mairie@ploemeur.net
MORBIHAN,PLOERDUT,ploerdut.mairie@wanadoo.fr
MORBIHAN,PLOEREN,contact@ploeren.fr
MORBIHAN,PLOERMEL,mairie@ploermel.com
MORBIHAN,PLOUAY,mairie.de.plouay@wanadoo.fr
MORBIHAN,PLOUGOUMELEN,mairie.plougoumelen@wanadoo.fr
MORBIHAN,PLOUHARNEL,mairie@plouharnel.fr
MORBIHAN,PLOUHINEC,mairie.plouhinec56@wanadoo.fr
MORBIHAN,PLOURAY,mairie-de-plouray@wanadoo.fr
MORBIHAN,PLUHERLIN,pluherlin@wanadoo.fr
MORBIHAN,PLUMELEC,mairie.de.plumelec@wanadoo.fr
MORBIHAN,PLUMELIAU,mairie-de-plumeliau@wanadoo.fr
MORBIHAN,PLUMELIN,mairie.plumelin@wanadoo.fr
MORBIHAN,PLUMERGAT,mairie.plumergat@wanadoo.fr
MORBIHAN,PLUNERET,mairie.pluneret@wanadoo.fr
MORBIHAN,PLUVIGNER,mairie@pluvigner.fr
MORBIHAN,PONTIVY,secretariat.general@ville-pontivy.fr
MORBIHAN,PONT SCORFF,mairie.pontscorff@wanadoo.fr
MORBIHAN,PORCARO,mairie.porcaro@wanadoo.fr
MORBIHAN,PORT LOUIS,mairie.ville-portlouis@wanadoo.fr
MORBIHAN,PRIZIAC,mairie.priziac@wanadoo.fr
MORBIHAN,QUELNEUC,quelneuc@wanadoo.fr
MORBIHAN,QUESTEMBERT,secretariat.maire@mairie-questembert.fr
MORBIHAN,QUEVEN,contact@queven.com
MORBIHAN,QUIBERON,quiberon@ville-quiberon.fr
MORBIHAN,QUILY,mairie-quily@wanadoo.fr
MORBIHAN,QUISTINIC,mairie.quistinic@wanadoo.fr
MORBIHAN,RADENAC,cyber.radenac@wanadoo.fr
MORBIHAN,REGUINY,mairie.reguiny@wanadoo.fr
MORBIHAN,REMINIAC,mairie.reminiac@wanadoo.fr
MORBIHAN,REMUNGOL,mairie-remungol@orange.fr
MORBIHAN,RIANTEC,secretariatgeneral-mairie@riantec.com
MORBIHAN,RIEUX,mairiederieux@wanadoo.fr
MORBIHAN,ROCHEFORT EN TERRE,mairie.rochefort-en-terre@wanadoo.fr
MORBIHAN,ROHAN,mairie.rohan@wanadoo.fr
MORBIHAN,ROUDOUALLEC,mairie.roudouallec@wanadoo.fr
MORBIHAN,RUFFIAC,mairie-ruffiac@wanadoo.fr
MORBIHAN,SAINT ABRAHAM,mairie-saint-abraham@wanadoo.fr
MORBIHAN,SAINT AIGNAN,mairie@saint-aignan56.fr
MORBIHAN,SAINT ALLOUESTRE,mairie.stallouestre@wanadoo.fr
MORBIHAN,SAINT ARMEL,mairie.saint.armel@wanadoo.fr
MORBIHAN,SAINT AVE,mairie@saint-ave.fr
MORBIHAN,SAINT BARTHELEMY,commune-stbarthelemy@orange.fr
MORBIHAN,SAINT BRIEUC DE MAURON,mairie.saint.brieuc.de.mauron@orange.fr
MORBIHAN,SAINT CARADEC TREGOMEL,mairie-de-st-caradec-tregomel@wanadoo.fr
MORBIHAN,SAINT CONGARD,mairie-st-congard@wanadoo.fr
MORBIHAN,SAINT DOLAY,mairie.saint-dolay@wanadoo.fr
MORBIHAN,SAINTE ANNE D AURAY,contact@sainte-anne-auray.com
MORBIHAN,SAINTE BRIGITTE,commune.sainte-brigitte@wanadoo.fr
MORBIHAN,SAINTE HELENE,saint.helene.sur.mer@wanadoo.fr
MORBIHAN,SAINT GERAND,mairie.st-gerand@wanadoo.fr
MORBIHAN,SAINT GILDAS DE RHUYS,contact@saint-gildas-de-rhuys.fr
MORBIHAN,SAINT GONNERY,mairie.st.gonnery@wanadoo.fr
MORBIHAN,SAINT GORGON,mairie-st.gorgon@wanadoo.fr
MORBIHAN,SAINT GRAVE,mairie-st-grave@wanadoo.fr
MORBIHAN,SAINT GUYOMARD,mairie.st-guyomard@wanadoo.fr
MORBIHAN,SAINT JACUT LES PINS,mairie.stjacutlespins@wanadoo.fr
MORBIHAN,SAINT JEAN BREVELAY,mairie.stjeanbrevelay@wanadoo.fr
MORBIHAN,SAINT JEAN LA POTERIE,mairiestjeanpot@wanadoo.fr
MORBIHAN,SAINT LAURENT SUR OUST,st.laurent.mairie@wanadoo.fr
MORBIHAN,SAINT LERY,mairie.st.lery@wanadoo.fr
MORBIHAN,SAINT MALO DE BEIGNON,mairie.stmalodebeignon@wanadoo.fr
MORBIHAN,SAINT MALO DES TROIS FONTAINES,mairie.st-malo-des-trois-fontaines@wanadoo.fr
MORBIHAN,SAINT MARCEL,saintmarcel.mairie@wanadoo.fr
MORBIHAN,SAINT MARTIN,st-martin-oust@wanadoo.fr
MORBIHAN,SAINT NICOLAS DU TERTRE,mairie.st-nicolas-tertre@wanadoo.fr
MORBIHAN,SAINT NOLFF,mairie.st-nolff@pays-de-vannes.net
MORBIHAN,SAINT PERREUX,mairie-st-perreux@wanadoo.fr
MORBIHAN,SAINT PHILIBERT,mairie.saintphilibert@wanadoo.fr
MORBIHAN,SAINT PIERRE QUIBERON,mairie@saintpierrequiberon.net
MORBIHAN,SAINT SERVANT,mairie.st-servant-sur-oust@wanadoo.fr
MORBIHAN,SAINT THURIAU,mairie.saint.thuriau@wanadoo.fr
MORBIHAN,SAINT TUGDUAL,mairie.st-tugdual@wanadoo.fr
MORBIHAN,SAINT VINCENT SUR OUST,mairie.st.vincent.sur.oust@wanadoo.fr
MORBIHAN,SARZEAU,mairie@sarzeau.fr
MORBIHAN,SAUZON,mairiedesauzon@wanadoo.fr
MORBIHAN,SEGLIEN,mairie.seglien@wanadoo.fr
MORBIHAN,SENE,contact@sene.com
MORBIHAN,SERENT,mairie@serent.fr
MORBIHAN,SILFIAC,serge.moelo@wanadoo.fr
MORBIHAN,SULNIAC,accueil@mairie-sulniac.fr
MORBIHAN,SURZUR,mairie@surzur.fr
MORBIHAN,TAUPONT,mairie.taupont@wanadoo.fr
MORBIHAN,THEHILLAC,mairie.thehillac@wanadoo.fr
MORBIHAN,THEIX,secretariat@theix.fr
MORBIHAN,TREAL,mairie.treal@wanadoo.fr
MORBIHAN,TREDION,mairie.tredion@wanadoo.fr
MORBIHAN,TREFFLEAN,mairie@trefflean.com
MORBIHAN,TREHORENTEUC,mairie.trehorenteuc@wanadoo.fr
MORBIHAN,VANNES,contact@mairie-vannes.fr
LOIRE ATLANTIQUE,ABBARETZ,mairie@abbaretz.fr
LOIRE ATLANTIQUE,AIGREFEUILLE SUR MAINE,info@aigrefeuillesurmaine.com
LOIRE ATLANTIQUE,ANCENIS,mairie@ancenis.fr
LOIRE ATLANTIQUE,ANETZ,mairie.anetz@wanadoo.fr
LOIRE ATLANTIQUE,ARTHON EN RETZ,mairie.arthon-en-retz@wanadoo.fr
LOIRE ATLANTIQUE,ASSERAC,info@asserac.fr
LOIRE ATLANTIQUE,AVESSAC,mairie.avessac@wanadoo.fr
LOIRE ATLANTIQUE,BARBECHAT,mairie.barbechat@wanadoo.fr
LOIRE ATLANTIQUE,BASSE GOULAINE,contact@basse-goulaine.fr
LOIRE ATLANTIQUE,BATZ SUR MER,mairiebatzsurmer@wanadoo.fr
LOIRE ATLANTIQUE,BELLIGNE,mairie.belligne@wanadoo.fr
LOIRE ATLANTIQUE,BESNE,communedebesne@wanadoo.fr
LOIRE ATLANTIQUE,BLAIN,mairie@ville-blain.fr
LOIRE ATLANTIQUE,BONNOEUVRE,MAIRIE-DE-BONNOEUVRE@WANADOO.FR
LOIRE ATLANTIQUE,BOUAYE,contact@mairie-bouaye.fr
LOIRE ATLANTIQUE,BOUEE,mairie.bouee@wanadoo.fr
LOIRE ATLANTIQUE,BOUGUENAIS,courriel@ville-bouguenais.fr
LOIRE ATLANTIQUE,BOURGNEUF EN RETZ,mairiebourgneuf@wanadoo.fr
LOIRE ATLANTIQUE,BOUSSAY,mairie-de-boussay@wanadoo.fr
LOIRE ATLANTIQUE,BOUVRON,mairie.bouvron@wanadoo.fr
LOIRE ATLANTIQUE,BRAINS,accueil@mairie-brains.fr
LOIRE ATLANTIQUE,CAMPBON,mairie.de.campbon@wanadoo.fr
LOIRE ATLANTIQUE,CARQUEFOU,bir.com@mairie-carquefou.fr
LOIRE ATLANTIQUE,CASSON,contact@casson.fr
LOIRE ATLANTIQUE,CHATEAUBRIANT,info@ville-chateaubriant.fr
LOIRE ATLANTIQUE,CHATEAU THEBAUD,mairie.chateau-thebaud@orange.fr
LOIRE ATLANTIQUE,CHAUVE,mairie-de-chauve@wanadoo.fr
LOIRE ATLANTIQUE,CHEIX EN RETZ,mairie.cheixenretz@wanadoo.fr
LOIRE ATLANTIQUE,CHEMERE,chemere.mairie@wanadoo.fr
LOIRE ATLANTIQUE,CLISSON,contact@mairie-clisson.fr
LOIRE ATLANTIQUE,CONQUEREUIL,mairie.conquereuil@wanadoo.fr
LOIRE ATLANTIQUE,CORCOUE SUR LOGNE,mairiecorcoue@wanadoo.fr
LOIRE ATLANTIQUE,CORDEMAIS,mairie@cordemais.com
LOIRE ATLANTIQUE,CORSEPT,mairiedecorsept@wanadoo.fr
LOIRE ATLANTIQUE,COUERON,communication@mairie-coueron.fr
LOIRE ATLANTIQUE,COUFFE,mairie-couffe@wanadoo.fr
LOIRE ATLANTIQUE,CROSSAC,mairie.crossac@wanadoo.fr
LOIRE ATLANTIQUE,DERVAL,mairie.derval@free.fr
LOIRE ATLANTIQUE,DONGES,mairie@ville-donges.fr
LOIRE ATLANTIQUE,DREFFEAC,mairie.dreffeac@wanadoo.fr
LOIRE ATLANTIQUE,ERBRAY,mairie.erbray@wanadoo.fr
LOIRE ATLANTIQUE,FAY DE BRETAGNE,accueil@faydebretagne.fr
LOIRE ATLANTIQUE,FEGREAC,mairie@fegreac.fr
LOIRE ATLANTIQUE,FERCE,mairie.ferce@wanadoo.fr
LOIRE ATLANTIQUE,FRESNAY EN RETZ,sgfresnay@wanadoo.fr
LOIRE ATLANTIQUE,FROSSAY,accueil.mairie-frossay@wanadoo.fr
LOIRE ATLANTIQUE,GENESTON,mairie.geneston@wanadoo.fr
LOIRE ATLANTIQUE,GETIGNE,mairie.getigne@wanadoo.fr
LOIRE ATLANTIQUE,GORGES,mairie.gorges@wanadoo.fr
LOIRE ATLANTIQUE,GRAND AUVERNE,mairie.grand.auverne@wanadoo.fr
LOIRE ATLANTIQUE,GRANDCHAMP DES FONTAINES,contact@grandchampdesfontaines.fr
LOIRE ATLANTIQUE,GUEMENE PENFAO,contact@mairie-guemene-penfao.fr
LOIRE ATLANTIQUE,GUENROUET,mairie-de-guenrouet@wanadoo.fr
LOIRE ATLANTIQUE,GUERANDE,villedeguerande@gmail.com
LOIRE ATLANTIQUE,HAUTE GOULAINE,mairie@mairie-haute-goulaine.fr
LOIRE ATLANTIQUE,HERBIGNAC,contact@herbignac.com
LOIRE ATLANTIQUE,HERIC,contact.mairie@heric.fr
LOIRE ATLANTIQUE,INDRE,mairie@indre44.fr
LOIRE ATLANTIQUE,ISSE,mairie.isse@wanadoo.fr
LOIRE ATLANTIQUE,JANS,communedejans@wanadoo.fr
LOIRE ATLANTIQUE,JOUE SUR ERDRE,mairiejouesurerdre@wanadoo.fr
LOIRE ATLANTIQUE,JUIGNE LES MOUTIERS,mairie.juignelesmoutiers@wanadoo.fr
LOIRE ATLANTIQUE,LA BAULE ESCOUBLAC,accueil@mairie-labaule.fr
LOIRE ATLANTIQUE,LA BERNERIE EN RETZ,contact@mairie-labernerie.fr
LOIRE ATLANTIQUE,LA BOISSIERE DU DORE,dgs@mairie-laboissieredudore.fr
LOIRE ATLANTIQUE,LA CHAPELLE BASSE MER,mairie@chapellebassemer.fr
LOIRE ATLANTIQUE,LA CHAPELLE DES MARAIS,nelly@lachapelledesmarais.fr
LOIRE ATLANTIQUE,LA CHAPELLE GLAIN,communelachapelleglain@wanadoo.fr
LOIRE ATLANTIQUE,LA CHAPELLE HEULIN,accueil@mairie-lachapelleheulin.fr
LOIRE ATLANTIQUE,LA CHAPELLE LAUNAY,lachapellelaunay.mairie@wanadoo.fr
LOIRE ATLANTIQUE,LA CHAPELLE SAINT SAUVEUR,mairie.chapstsauv@wanadoo.fr
LOIRE ATLANTIQUE,LA CHAPELLE SUR ERDRE,mairie@lachapellesurerdre.fr
LOIRE ATLANTIQUE,LA CHEVALLERAIS,mairie.chevallerais@wanadoo.fr
LOIRE ATLANTIQUE,LA CHEVROLIERE,commune@mairie-lachevroliere.fr
LOIRE ATLANTIQUE,LA GRIGONNAIS,mairie@lagrigonnais.fr
LOIRE ATLANTIQUE,LA HAIE FOUASSIERE,mairie.hayefouassiere@wanadoo.fr
LOIRE ATLANTIQUE,LA LIMOUZINIERE,lalimouziniere@oceanet.fr
LOIRE ATLANTIQUE,LA MARNE,mairie.lamarne@wanadoo.fr
LOIRE ATLANTIQUE,LA MEILLERAYE DE BRETAGNE,mairie.meilleraye@wanadoo.fr
LOIRE ATLANTIQUE,LA MONTAGNE,mairie@ville-lamontagne.fr
LOIRE ATLANTIQUE,LA PLAINE SUR MER,mairie@laplainesurmer.fr
LOIRE ATLANTIQUE,LA PLANCHE,MAIRIE.LAPLANCHE@wanadoo.fr
LOIRE ATLANTIQUE,LA REGRIPPIERE,contact@mairie-laregrippiere.fr
LOIRE ATLANTIQUE,LA REMAUDIERE,mairie.laremaudiere@wanadoo.fr
LOIRE ATLANTIQUE,LA ROCHE BLANCHE,mairie-de-la-roche-blanche@wanadoo.fr
LOIRE ATLANTIQUE,LA ROUXIERE,CommunedelaRouxiere@wanadoo.fr
LOIRE ATLANTIQUE,LA TURBALLE,secretariatgeneral@mairielaturballe.fr
LOIRE ATLANTIQUE,LAVAU SUR LOIRE,mairie.lavau-sur-loire@wanadoo.fr
LOIRE ATLANTIQUE,LE BIGNON,contact@mairielebignon.fr
LOIRE ATLANTIQUE,LE CELLIER,mairie@lecellier.fr
LOIRE ATLANTIQUE,LE CROISIC,mairieducroisic@lecroisic.fr
LOIRE ATLANTIQUE,LE FRESNE SUR LOIRE,mairiedufresne@wanadoo.fr
LOIRE ATLANTIQUE,LE GAVRE,mairiedugavre@wanadoo.fr
LOIRE ATLANTIQUE,LEGE,contact@ville-lege44.fr
LOIRE ATLANTIQUE,LE LANDREAU,mairie@le-landreau.fr
LOIRE ATLANTIQUE,LE LOROUX BOTTEREAU,mairie.loroux@wanadoo.fr
LOIRE ATLANTIQUE,LE PALLET,contact@mairie-lepallet.fr
LOIRE ATLANTIQUE,LE PELLERIN,info@mairie-lepellerin.fr
LOIRE ATLANTIQUE,LE PIN,mairielepin@wanadoo.fr
LOIRE ATLANTIQUE,LE POULIGUEN,contact@mairie-lepouliguen.fr
LOIRE ATLANTIQUE,LES MOUTIERS EN RETZ,contact@mairie-lesmoutiersenretz.fr
LOIRE ATLANTIQUE,LES SORINIERES,mairie@ville-sorinieres.fr
LOIRE ATLANTIQUE,LES TOUCHES,contact@les-touches.fr
LOIRE ATLANTIQUE,LE TEMPLE DE BRETAGNE,communedutempledebretagne@wanadoo.fr
LOIRE ATLANTIQUE,LIGNE,mairie@ligne.fr
LOIRE ATLANTIQUE,LOUISFERT,commune.louisfert@wanadoo.fr
LOIRE ATLANTIQUE,LUSANGER,mairie.lusanger@wanadoo.fr
LOIRE ATLANTIQUE,MACHECOUL,info@machecoul.com
LOIRE ATLANTIQUE,MAISDON SUR SEVRE, mairie@maisdons-sur-sevre.fr
LOIRE ATLANTIQUE,MALVILLE,mairie-de-malville@wanadoo.fr
LOIRE ATLANTIQUE,MARSAC SUR DON,info@mairie-marsacsurdon.fr
LOIRE ATLANTIQUE,MASSERAC,masserac@wanadoo.fr
LOIRE ATLANTIQUE,MAUMUSSON,mairie-maumusson44@wanadoo.fr
LOIRE ATLANTIQUE,MAUVES SUR LOIRE,mairie.mauves@mauvessurloire.fr
LOIRE ATLANTIQUE,MESANGER,mairie.mesanger@wanadoo.fr
LOIRE ATLANTIQUE,MESQUER,mairie.mesquer@wanadoo.fr
LOIRE ATLANTIQUE,MISSILLAC,mairie.de.missillac@wanadoo.fr
LOIRE ATLANTIQUE,MOISDON LA RIVIERE,mairie.moisdon@wanadoo.fr
LOIRE ATLANTIQUE,MONNIERES,mairie.monnieres@wanadoo.fr
LOIRE ATLANTIQUE,MONTBERT,mairiedemontbert@oceanet.fr
LOIRE ATLANTIQUE,MONTOIR DE BRETAGNE,contact@montoirdebretagne.fr
LOIRE ATLANTIQUE,MONTRELAIS,mairie@montrelais.fr
LOIRE ATLANTIQUE,MOUAIS,mairie.mouais@wanadoo.fr
LOIRE ATLANTIQUE,MOUZEIL,mairie@mouzeil.fr
LOIRE ATLANTIQUE,MOUZILLON,accueil@mairie-mouzillon.fr
LOIRE ATLANTIQUE,NANTES,contact@mairie-nantes.fr
LOIRE ATLANTIQUE,NORT SUR ERDRE,communication@nort-sur-erdre.fr
LOIRE ATLANTIQUE,NOTRE DAME DES LANDES,contact@notre-dame-des-landes.fr
LOIRE ATLANTIQUE,NOYAL SUR BRUTZ,mairienoyalsurbrutz@wanadoo.fr
LOIRE ATLANTIQUE,NOZAY,mairie@nozay44.fr
LOIRE ATLANTIQUE,ORVAULT,contact@mairie-orvault.fr
LOIRE ATLANTIQUE,OUDON,accueil@oudon.fr
LOIRE ATLANTIQUE,PAIMBOEUF,mairie@paimboeuf.fr
LOIRE ATLANTIQUE,PANNECE,compa@pannece.fr
LOIRE ATLANTIQUE,PAULX,mairiedepaulx@wanadoo.fr
LOIRE ATLANTIQUE,PETIT AUVERNE,mairie.petit-auverne@orange.fr
LOIRE ATLANTIQUE,PETIT MARS,mairie@petitmars.fr
LOIRE ATLANTIQUE,PIERRIC,mairie.pierric@wanadoo.fr
LOIRE ATLANTIQUE,PIRIAC SUR MER,mairie@piriac.net
LOIRE ATLANTIQUE,PLESSE,mairie.plesse@wanadoo.fr
LOIRE ATLANTIQUE,PONTCHATEAU,communication@pontchateau.fr
LOIRE ATLANTIQUE,PONT SAINT MARTIN,contact@mairie-pontsaintmartin.fr
LOIRE ATLANTIQUE,PORNIC,contact@pornic.fr
LOIRE ATLANTIQUE,PORNICHET,mairie@mairie-pornichet.fr
LOIRE ATLANTIQUE,PORT SAINT PERE,mairie@port-saint-pere.fr
LOIRE ATLANTIQUE,POUILLE LES COTEAUX,pouille-les-coteaux.mairie@wanadoo.fr
LOIRE ATLANTIQUE,PREFAILLES,mairie@prefailles.fr
LOIRE ATLANTIQUE,PRINQUIAU,communeprinquiau@wanadoo.fr
LOIRE ATLANTIQUE,PUCEUL,mairie@puceul.fr
LOIRE ATLANTIQUE,QUILLY,mairie.de.quilly@wanadoo.fr
LOIRE ATLANTIQUE,REMOUILLE,mairie-de-remouille@wanadoo.fr
LOIRE ATLANTIQUE,REZE,administration@mairie-reze.fr
LOIRE ATLANTIQUE,RIAILLE,mairie@riaille.fr
LOIRE ATLANTIQUE,ROUANS,rouans.mairie@wanadoo.fr
LOIRE ATLANTIQUE,ROUGE,mairie-rouge@orange.fr
LOIRE ATLANTIQUE,RUFFIGNE,mairie.ruffigne@wanadoo.fr
LOIRE ATLANTIQUE,SAFFRE,mairie@saffre.fr
LOIRE ATLANTIQUE,SAINT AIGNAN DE GRAND LIEU,contact@mairie-st-aignan-grandlieu.fr
LOIRE ATLANTIQUE,SAINT ANDRE DES EAUX,secretariat@ville-st-andre-des-eaux.fr
LOIRE ATLANTIQUE,SAINT AUBIN DES CHATEAUX,mairie@saint-aubin-des-chateaux.fr
LOIRE ATLANTIQUE,SAINT BREVIN LES PINS,contact@mairie-saint-brevin.fr
LOIRE ATLANTIQUE,SAINT COLOMBAN,mairie@st-colomban.fr
LOIRE ATLANTIQUE,SAINTE ANNE SUR BRIVET,mairie.ste.anne.sur.brivet@wanadoo.fr
LOIRE ATLANTIQUE,SAINTE LUCE SUR LOIRE,contact@sainte-luce-loire.com
LOIRE ATLANTIQUE,SAINTE PAZANNE,mairie@sainte-pazanne.com
LOIRE ATLANTIQUE,SAINTE REINE DE BRETAGNE,mairie.st.reine.bretagne@wanadoo.fr
LOIRE ATLANTIQUE,SAINT ETIENNE DE MER MORTE,mairie-st-etienne-de-mer-morte@wanadoo.fr
LOIRE ATLANTIQUE,SAINT ETIENNE DE MONTLUC,communication@st-etienne-montluc.net
LOIRE ATLANTIQUE,SAINT FIACRE SUR MAINE,mairiestfiacre@orange.fr
LOIRE ATLANTIQUE,SAINT GEREON,stgereon@wanadoo.fr
LOIRE ATLANTIQUE,SAINT GILDAS DES BOIS,mairiestgildas@wanadoo.fr
LOIRE ATLANTIQUE,SAINT HERBLAIN,monsieurlemaire@saint-herblain.fr
LOIRE ATLANTIQUE,SAINT HERBLON,mairie.stherblon44@wanadoo.fr
LOIRE ATLANTIQUE,SAINT HILAIRE DE CHALEONS,sthilairedechaleons@wanadoo.fr
LOIRE ATLANTIQUE,SAINT HILAIRE DE CLISSON,mairiesthilairedeclisson@wanadoo.fr
LOIRE ATLANTIQUE,SAINT JEAN DE BOISEAU,accueil@mairie-saint-jean-de-boiseau.fr
LOIRE ATLANTIQUE,SAINT JOACHIM,mairie@saint-joachim.fr
LOIRE ATLANTIQUE,SAINT JULIEN DE CONCELLES,accueil@ville-saintjuliendeconcelles.fr
LOIRE ATLANTIQUE,SAINT JULIEN DE VOUVANTES,stjuliendevouvantes@wanadoo.fr
LOIRE ATLANTIQUE,SAINT LEGER LES VIGNES,accueil@mairie-saintlegerlesvignes.fr
LOIRE ATLANTIQUE,SAINT LUMINE DE CLISSON,mairie.saintluminedeclisson@orange.fr
LOIRE ATLANTIQUE,SAINT LUMINE DE COUTAIS,st.lumine.de.coutais@free.fr
LOIRE ATLANTIQUE,SAINT LYPHARD,ville@mairie-saint-lyphard.fr
LOIRE ATLANTIQUE,SAINT MALO DE GUERSAC,mairie@saintmalodeguersac.fr
LOIRE ATLANTIQUE,SAINT MARS DE COUTAIS,mairie.saint.mars.coutais@wanadoo.fr
LOIRE ATLANTIQUE,SAINT MARS DU DESERT,mairie@saintmarsdudesert.fr
LOIRE ATLANTIQUE,SAINT MARS LA JAILLE,contact@saint-mars-la-jaille.fr
LOIRE ATLANTIQUE,SAINT MEME LE TENU,mairie.st.memeletenu@wanadoo.fr
LOIRE ATLANTIQUE,SAINT MICHEL CHEF CHEF,mairie@stmichelchefchef.fr
LOIRE ATLANTIQUE,SAINT MOLF,commune-de-saint-molf@wanadoo.fr
LOIRE ATLANTIQUE,SAINT NAZAIRE,contact@mairie.saintnazaire.fr
LOIRE ATLANTIQUE,SAINT NICOLAS DE REDON,mairie.st-nicolas.redon@wanadoo.fr
LOIRE ATLANTIQUE,SAINT PERE EN RETZ,mairie-st-pere@wanadoo.fr
LOIRE ATLANTIQUE,SAINT PHILBERT DE GRANDLIEU,contact@stphilbert.fr
LOIRE ATLANTIQUE,SAINT SEBASTIEN SUR LOIRE,communication@saintsebastien.fr
LOIRE ATLANTIQUE,SAINT SULPICE DES LANDES,compa@saint-sulpice-des-landes.fr
LOIRE ATLANTIQUE,SAINT VIAUD,mairie.stviaud@wanadoo.fr
LOIRE ATLANTIQUE,SAINT VINCENT DES LANDES,saint-vincent-des-landes@fr.st
LOIRE ATLANTIQUE,SAUTRON,mairie@sautron.fr
LOIRE ATLANTIQUE,SAVENAY,mairie@ville-savenay.fr
LOIRE ATLANTIQUE,SEVERAC,mairie-severac@wanadoo.fr
LOIRE ATLANTIQUE,SION LES MINES,mairie.sionlesmines@wanadoo.fr
LOIRE ATLANTIQUE,SOUDAN,mairie.soudan@wanadoo.fr
LOIRE ATLANTIQUE,SOULVACHE,mairie.soulvache@wanadoo.fr
LOIRE ATLANTIQUE,SUCE SUR ERDRE,contact@suce-sur-erdre.fr
LOIRE ATLANTIQUE,TEILLE,mairiedeteille@wanadoo.fr
LOIRE ATLANTIQUE,THOUARE SUR LOIRE,contact@mairie-thouare.fr
LOIRE ATLANTIQUE,TOUVOIS,mairie-touvois44@wanadoo.fr
LOIRE ATLANTIQUE,TRANS SUR ERDRE,contact@mairie-trans.fr
LOIRE ATLANTIQUE,TREFFIEUX,mairie@treffieux.fr
LOIRE ATLANTIQUE,TREILLIERES,mairie@treillieres.fr
LOIRE ATLANTIQUE,TRIGNAC,ville.trignac@wanadoo.fr
LOIRE ATLANTIQUE,VALLET,accueil@vallet.fr
LOIRE ATLANTIQUE,VARADES,mairie@varades.fr
LOIRE ATLANTIQUE,VAY,mairie@vay.fr
LOIRE ATLANTIQUE,VERTOU,ecrire@mairie-vertou.fr
LOIRE ATLANTIQUE,VIEILLEVIGNE,mairie.de.vieillevigne@wanadoo.fr
LOIRE ATLANTIQUE,VIGNEUX DE BRETAGNE,m.priou@vigneuxdebretagne.fr
LOIRE ATLANTIQUE,VILLEPOT,mairie.villepot@wanadoo.fr
LOIRE ATLANTIQUE,VRITZ,compa@vritz.fr
LOIRE ATLANTIQUE,VUE,mairiedevue@wanadoo.fr
